kcal1,rmsd_lb1,rmsd_ub1,rdock_score
-3.9,0,0,28.8646
-5.7,0,0,-3.87596
-7.4,0,0,-9.84172
-4.5,0,0,-8.873
-3.4,0,0,24.1454
-1.7,0,0,17.1055
-4,0,0,40.6782
-4.6,0,0,18.1807
-3.1,0,0,49.0326
-3.7,0,0,2.13763